image_name,gender,target
pic226,male,0
pic227,male,0
pic230,male,0
pic231,male,0
pic232,male,0
pic235,male,0
pic237,male,0
pic243,male,0
pic249,male,0
pic251,male,0
pic252,male,0
pic253,male,0
pic254,male,0
pic255,male,0
pic256,male,0
pic257,male,0
pic258,male,0
pic651,male,0
pic652,male,0
pic653,male,0
pic654,male,0
pic655,male,0
pic656,male,0
pic657,male,0
pic658,male,0
pic660,male,0
pic661,male,0
pic665,male,0
pic667,male,0
pic670,male,0
pic672,male,0
pic674,male,0
pic677,male,0
pic679,male,0
pic632,male,0
pic633,male,0
pic634,male,0
pic635,male,0
pic636,male,0
pic637,male,0
pic638,male,0
pic639,male,0
pic640,male,0
pic641,male,0
pic642,male,0
pic643,male,0
pic644,male,0
pic645,male,0
pic646,male,0
pic647,male,0
pic648,male,0
pic649,male,0
pic609,male,0
pic610,male,0
pic611,male,0
pic612,male,0
pic613,male,0
pic614,male,0
pic616,male,0
pic617,male,0
pic618,male,0
pic619,male,0
pic620,male,0
pic621,male,0
pic622,male,0
pic623,male,0
pic624,male,0
pic626,male,0
pic627,male,0
pic629,male,0
pic584,male,0
pic585,male,0
pic586,male,0
pic587,male,0
pic588,male,0
pic589,male,0
pic590,male,0
pic591,male,0
pic592,male,0
pic593,male,0
pic594,male,0
pic595,male,0
pic596,male,0
pic597,male,0
pic598,male,0
pic599,male,0
pic600,male,0
pic601,male,0
pic602,male,0
pic603,male,0
pic604,male,0
pic605,male,0
pic606,male,0
pic260,male,0
pic281,male,0
pic302,male,0
pic321,male,0
pic348,male,0
pic373,male,0
pic392,male,0
pic413,male,0
pic436,male,0
pic457,male,0
pic479,male,0
pic500,male,0
pic522,male,0
pic544,male,0
pic561,male,0
pic583,male,0
pic607,male,0
pic630,male,0
pic650,male,0
pic562,male,0
pic563,male,0
pic564,male,0
pic565,male,0
pic566,male,0
pic567,male,0
pic568,male,0
pic569,male,0
pic570,male,0
pic571,male,0
pic572,male,0
pic573,male,0
pic574,male,0
pic575,male,0
pic576,male,0
pic577,male,0
pic578,male,0
pic579,male,0
pic581,male,0
pic582,male,0
pic545,male,0
pic546,male,0
pic547,male,0
pic548,male,0
pic549,male,0
pic550,male,0
pic551,male,0
pic552,male,0
pic553,male,0
pic554,male,0
pic555,male,0
pic556,male,0
pic557,male,0
pic558,male,0
pic559,male,0
pic560,male,0
pic523,male,0
pic524,male,0
pic525,male,0
pic526,male,0
pic527,male,0
pic529,male,0
pic530,male,0
pic531,male,0
pic532,male,0
pic534,male,0
pic535,male,0
pic537,male,0
pic538,male,0
pic539,male,0
pic540,male,0
pic541,male,0
pic542,male,0
pic543,male,0
pic501,male,0
pic502,male,0
pic503,male,0
pic504,male,0
pic506,male,0
pic507,male,0
pic508,male,0
pic510,male,0
pic511,male,0
pic512,male,0
pic513,male,0
pic514,male,0
pic515,male,0
pic516,male,0
pic517,male,0
pic518,male,0
pic519,male,0
pic520,male,0
pic521,male,0
pic480,male,0
pic481,male,0
pic482,male,0
pic483,male,0
pic484,male,0
pic485,male,0
pic486,male,0
pic488,male,0
pic489,male,0
pic490,male,0
pic491,male,0
pic492,male,0
pic493,male,0
pic494,male,0
pic495,male,0
pic496,male,0
pic497,male,0
pic498,male,0
pic499,male,0
pic458,male,0
pic459,male,0
pic460,male,0
pic461,male,0
pic462,male,0
pic463,male,0
pic464,male,0
pic465,male,0
pic466,male,0
pic467,male,0
pic468,male,0
pic469,male,0
pic470,male,0
pic471,male,0
pic472,male,0
pic473,male,0
pic474,male,0
pic475,male,0
pic476,male,0
pic478,male,0
pic437,male,0
pic438,male,0
pic439,male,0
pic440,male,0
pic441,male,0
pic442,male,0
pic443,male,0
pic444,male,0
pic445,male,0
pic446,male,0
pic447,male,0
pic448,male,0
pic449,male,0
pic450,male,0
pic451,male,0
pic452,male,0
pic453,male,0
pic454,male,0
pic455,male,0
pic456,male,0
pic414,male,0
pic415,male,0
pic416,male,0
pic417,male,0
pic418,male,0
pic420,male,0
pic421,male,0
pic422,male,0
pic423,male,0
pic425,male,0
pic426,male,0
pic427,male,0
pic428,male,0
pic429,male,0
pic430,male,0
pic431,male,0
pic432,male,0
pic433,male,0
pic434,male,0
pic435,male,0
pic393,male,0
pic394,male,0
pic395,male,0
pic396,male,0
pic397,male,0
pic398,male,0
pic399,male,0
pic400,male,0
pic401,male,0
pic402,male,0
pic403,male,0
pic404,male,0
pic406,male,0
pic407,male,0
pic408,male,0
pic409,male,0
pic410,male,0
pic411,male,0
pic412,male,0
pic374,male,0
pic375,male,0
pic376,male,0
pic377,male,0
pic378,male,0
pic379,male,0
pic380,male,0
pic381,male,0
pic382,male,0
pic383,male,0
pic384,male,0
pic385,male,0
pic386,male,0
pic387,male,0
pic388,male,0
pic389,male,0
pic390,male,0
pic391,male,0
pic349,male,0
pic350,male,0
pic351,male,0
pic352,male,0
pic353,male,0
pic354,male,0
pic355,male,0
pic356,male,0
pic357,male,0
pic358,male,0
pic359,male,0
pic360,male,0
pic361,male,0
pic362,male,0
pic363,male,0
pic365,male,0
pic366,male,0
pic367,male,0
pic368,male,0
pic369,male,0
pic370,male,0
pic371,male,0
pic372,male,0
pic322,male,0
pic323,male,0
pic324,male,0
pic325,male,0
pic326,male,0
pic327,male,0
pic328,male,0
pic329,male,0
pic330,male,0
pic331,male,0
pic332,male,0
pic333,male,0
pic334,male,0
pic335,male,0
pic336,male,0
pic337,male,0
pic338,male,0
pic339,male,0
pic340,male,0
pic341,male,0
pic342,male,0
pic343,male,0
pic344,male,0
pic345,male,0
pic303,male,0
pic304,male,0
pic305,male,0
pic306,male,0
pic307,male,0
pic308,male,0
pic309,male,0
pic310,male,0
pic311,male,0
pic312,male,0
pic313,male,0
pic314,male,0
pic315,male,0
pic316,male,0
pic318,male,0
pic319,male,0
pic320,male,0
pic283,male,0
pic284,male,0
pic285,male,0
pic286,male,0
pic287,male,0
pic288,male,0
pic289,male,0
pic290,male,0
pic291,male,0
pic292,male,0
pic293,male,0
pic295,male,0
pic296,male,0
pic297,male,0
pic298,male,0
pic299,male,0
pic300,male,0
pic301,male,0
pic261,male,0
pic263,male,0
pic264,male,0
pic265,male,0
pic266,male,0
pic267,male,0
pic268,male,0
pic269,male,0
pic270,male,0
pic271,male,0
pic272,male,0
pic274,male,0
pic275,male,0
pic276,male,0
pic277,male,0
pic278,male,0
pic279,male,0
pic241,female,1
pic242,female,1
pic245,female,1
pic246,female,1
pic247,female,1
pic248,female,1
pic249,female,1
pic250,female,1
pic251,female,1
pic252,female,1
pic253,female,1
pic255,female,1
pic256,female,1
pic257,female,1
pic258,female,1
pic259,female,1
pic260,female,1
pic261,female,1
pic262,female,1
pic263,female,1
pic264,female,1
pic265,female,1
pic266,female,1
pic267,female,1
pic268,female,1
pic269,female,1
pic270,female,1
pic271,female,1
pic642,female,1
pic643,female,1
pic644,female,1
pic645,female,1
pic646,female,1
pic647,female,1
pic648,female,1
pic651,female,1
pic652,female,1
pic653,female,1
pic654,female,1
pic656,female,1
pic657,female,1
pic658,female,1
pic659,female,1
pic661,female,1
pic665,female,1
pic667,female,1
pic668,female,1
pic615,female,1
pic616,female,1
pic617,female,1
pic618,female,1
pic619,female,1
pic620,female,1
pic621,female,1
pic622,female,1
pic623,female,1
pic625,female,1
pic626,female,1
pic627,female,1
pic628,female,1
pic629,female,1
pic630,female,1
pic632,female,1
pic633,female,1
pic634,female,1
pic635,female,1
pic636,female,1
pic637,female,1
pic638,female,1
pic639,female,1
pic640,female,1
pic591,female,1
pic592,female,1
pic593,female,1
pic594,female,1
pic595,female,1
pic596,female,1
pic597,female,1
pic598,female,1
pic599,female,1
pic600,female,1
pic601,female,1
pic602,female,1
pic604,female,1
pic605,female,1
pic606,female,1
pic607,female,1
pic608,female,1
pic609,female,1
pic610,female,1
pic611,female,1
pic612,female,1
pic613,female,1
pic572,female,1
pic573,female,1
pic574,female,1
pic575,female,1
pic576,female,1
pic577,female,1
pic578,female,1
pic579,female,1
pic580,female,1
pic581,female,1
pic582,female,1
pic583,female,1
pic584,female,1
pic585,female,1
pic586,female,1
pic587,female,1
pic588,female,1
pic589,female,1
pic272,female,1
pic299,female,1
pic320,female,1
pic341,female,1
pic361,female,1
pic380,female,1
pic401,female,1
pic422,female,1
pic444,female,1
pic469,female,1
pic489,female,1
pic511,female,1
pic532,female,1
pic550,female,1
pic571,female,1
pic590,female,1
pic614,female,1
pic641,female,1
pic551,female,1
pic552,female,1
pic553,female,1
pic554,female,1
pic555,female,1
pic556,female,1
pic557,female,1
pic558,female,1
pic559,female,1
pic560,female,1
pic561,female,1
pic564,female,1
pic565,female,1
pic566,female,1
pic567,female,1
pic568,female,1
pic569,female,1
pic570,female,1
pic533,female,1
pic534,female,1
pic535,female,1
pic536,female,1
pic538,female,1
pic539,female,1
pic540,female,1
pic541,female,1
pic542,female,1
pic543,female,1
pic544,female,1
pic545,female,1
pic546,female,1
pic547,female,1
pic548,female,1
pic549,female,1
pic512,female,1
pic513,female,1
pic514,female,1
pic515,female,1
pic516,female,1
pic517,female,1
pic518,female,1
pic519,female,1
pic520,female,1
pic522,female,1
pic523,female,1
pic524,female,1
pic525,female,1
pic526,female,1
pic527,female,1
pic528,female,1
pic529,female,1
pic530,female,1
pic531,female,1
pic490,female,1
pic491,female,1
pic492,female,1
pic493,female,1
pic494,female,1
pic495,female,1
pic496,female,1
pic497,female,1
pic498,female,1
pic499,female,1
pic500,female,1
pic501,female,1
pic502,female,1
pic503,female,1
pic504,female,1
pic505,female,1
pic506,female,1
pic507,female,1
pic508,female,1
pic509,female,1
pic510,female,1
pic470,female,1
pic471,female,1
pic472,female,1
pic473,female,1
pic474,female,1
pic475,female,1
pic476,female,1
pic477,female,1
pic478,female,1
pic479,female,1
pic480,female,1
pic481,female,1
pic482,female,1
pic483,female,1
pic484,female,1
pic485,female,1
pic486,female,1
pic487,female,1
pic488,female,1
pic446,female,1
pic447,female,1
pic448,female,1
pic449,female,1
pic450,female,1
pic451,female,1
pic452,female,1
pic453,female,1
pic454,female,1
pic455,female,1
pic456,female,1
pic457,female,1
pic458,female,1
pic459,female,1
pic460,female,1
pic462,female,1
pic463,female,1
pic464,female,1
pic465,female,1
pic466,female,1
pic467,female,1
pic468,female,1
pic423,female,1
pic424,female,1
pic425,female,1
pic426,female,1
pic427,female,1
pic428,female,1
pic429,female,1
pic430,female,1
pic431,female,1
pic432,female,1
pic433,female,1
pic434,female,1
pic435,female,1
pic437,female,1
pic438,female,1
pic439,female,1
pic440,female,1
pic441,female,1
pic442,female,1
pic443,female,1
pic402,female,1
pic403,female,1
pic404,female,1
pic405,female,1
pic407,female,1
pic408,female,1
pic409,female,1
pic410,female,1
pic411,female,1
pic412,female,1
pic413,female,1
pic414,female,1
pic415,female,1
pic416,female,1
pic417,female,1
pic418,female,1
pic419,female,1
pic420,female,1
pic421,female,1
pic381,female,1
pic382,female,1
pic383,female,1
pic384,female,1
pic385,female,1
pic386,female,1
pic387,female,1
pic388,female,1
pic389,female,1
pic390,female,1
pic391,female,1
pic392,female,1
pic393,female,1
pic394,female,1
pic396,female,1
pic397,female,1
pic398,female,1
pic400,female,1
pic362,female,1
pic363,female,1
pic364,female,1
pic365,female,1
pic366,female,1
pic367,female,1
pic368,female,1
pic369,female,1
pic370,female,1
pic371,female,1
pic372,female,1
pic373,female,1
pic374,female,1
pic375,female,1
pic376,female,1
pic377,female,1
pic378,female,1
pic379,female,1
pic342,female,1
pic343,female,1
pic344,female,1
pic345,female,1
pic346,female,1
pic347,female,1
pic348,female,1
pic349,female,1
pic350,female,1
pic351,female,1
pic352,female,1
pic353,female,1
pic354,female,1
pic355,female,1
pic356,female,1
pic357,female,1
pic358,female,1
pic359,female,1
pic360,female,1
pic321,female,1
pic322,female,1
pic324,female,1
pic325,female,1
pic326,female,1
pic327,female,1
pic328,female,1
pic329,female,1
pic330,female,1
pic331,female,1
pic332,female,1
pic333,female,1
pic334,female,1
pic335,female,1
pic336,female,1
pic337,female,1
pic338,female,1
pic339,female,1
pic340,female,1
pic300,female,1
pic301,female,1
pic302,female,1
pic303,female,1
pic305,female,1
pic306,female,1
pic307,female,1
pic308,female,1
pic309,female,1
pic310,female,1
pic311,female,1
pic312,female,1
pic313,female,1
pic314,female,1
pic315,female,1
pic316,female,1
pic317,female,1
pic318,female,1
pic319,female,1
pic273,female,1
pic274,female,1
pic276,female,1
pic277,female,1
pic278,female,1
pic279,female,1
pic280,female,1
pic281,female,1
pic282,female,1
pic283,female,1
pic284,female,1
pic285,female,1
pic286,female,1
pic287,female,1
pic288,female,1
pic289,female,1
pic290,female,1
pic291,female,1
pic292,female,1
pic293,female,1
pic295,female,1
pic296,female,1
pic297,female,1
pic298,female,1
